id,name,surname,phone_number,email,address
1,Brandon,Hester,(066)253-3012x31105,ecowan@hotmail.com,"514 John Court, Melissamouth, NH 94812"
2,Jared,Warren,405-396-1273x92333,christine95@gmail.com,"64720 Christopher Greens, North Kelly, RI 62436"
3,Sean,Love,001-260-642-0137x355,mlang@gmail.com,"1355 Suzanne Highway, Port Latoyaland, WA 82970"
4,Robert,Price,(965)174-6312x168,brittneygriffin@hotmail.com,"USS Collins, FPO AP 23985"
5,Michael,Coleman,874.503.4505,michael32@yahoo.com,"3214 Jessica Flat, Brennanfort, IL 17307"
6,Laura,Robinson,926-607-0143x80433,tamaraodom@yahoo.com,"61373 Tiffany Cliffs Apt. 069, South Christytown, CO 58839"
7,Joe,Ortega,399-599-0429x0107,qolson@hotmail.com,"975 Webb Plain Suite 438, Port Karenstad, MD 50886"
8,Roberto,Lewis,(203)975-8173x65016,danielle34@wong.biz,"133 Bowman Via, West Valerie, WA 38978"
9,James,Nunez,(173)451-0902x0845,wagnerkim@hotmail.com,"444 Jones Trail, Michelleborough, GA 36885"
10,Brian,Robinson,+1-720-679-3026x66206,anthony34@williams.org,"9182 Gail Burgs, Fryview, TN 90982"
11,Brittany,Brown,462.953.0567,kristina36@gmail.com,"4638 Chavez Neck Apt. 484, East Christopherhaven, NY 32512"
12,Douglas,White,(545)380-0193,berryfrancisco@sanchez.org,"7577 Curtis Port, West Douglas, KY 62210"
13,Robert,Sanchez,(901)313-3706,andersonleslie@yahoo.com,"Unit 0157 Box 5499, DPO AP 91548"
14,Chloe,Hughes,593-964-7329,efrancis@gmail.com,"0198 Donald Mill Suite 707, North Claudiafort, WA 58789"
15,Holly,Miller,001-648-545-0822x8640,ohenderson@walters.com,"00472 Fernandez Circles Apt. 333, New Kevinfort, WA 73933"
16,Brian,Curtis,001-655-074-9323x081,jodithompson@estrada.com,"610 Reyes Unions Apt. 890, Seanchester, WI 90683"
17,Daniel,Lewis,001-122-324-4059,hollowayjohn@hodge.com,"Unit 4220 Box 5029, DPO AA 84094"
18,Catherine,Jacobs,127-762-0666x5553,lydia75@miller.biz,"2424 Warner Drive Apt. 686, South Joel, MI 95395"
19,Mary,Green,001-289-111-1915x011,sharon20@hotmail.com,"20666 Patrick Orchard, Wilsonfurt, NV 86017"
20,Kevin,Klein,+1-680-164-6600x013,daniel07@yahoo.com,"792 Mills Lakes, Navarroton, ND 62553"
21,Hannah,Jones,840.210.7214,lindsay45@hotmail.com,"3332 Susan Station, East Markbury, VA 08866"
22,Richard,Hernandez,328-095-5119x06578,mitchelltaylor@gmail.com,"9384 Smith Unions Apt. 055, Grayfort, MA 18576"
23,Timothy,Silva,001-914-499-5183,daycheyenne@walls-stokes.info,"0050 Charles Points, Lake Miranda, CA 64896"
24,Christopher,Miles,(015)191-0924,perkinsjonathan@morales.com,"0995 Crawford Extension, Port Michaelchester, NY 58826"
25,Jennifer,Wilson,311-850-9888x993,iclark@williams.com,"830 Butler Loaf Suite 105, West Linda, NC 99595"
26,Jeff,Guzman,884-972-0535x738,danielsbrendan@burnett.com,"85776 Stephanie Prairie Suite 499, Mosesmouth, WA 01720"
27,Ruben,Brooks,001-339-278-1990x9633,hannahbrown@ruiz.com,"PSC 7160, Box 8119, APO AA 28543"
28,Mariah,Riley,(320)693-4857x79899,hartapril@hotmail.com,"93383 Pamela Gardens Apt. 907, Michellestad, MI 62330"
29,Cole,Elliott,825-717-7710x9378,maria05@gmail.com,"775 Carter Bridge, New Maria, LA 01707"
30,Tommy,Williams,178-126-7958,hbrown@perez.net,"00192 Sherri Manors Apt. 426, New Aprilstad, MO 39136"
31,Richard,Bowman,581-673-9633,brianmay@hotmail.com,"1566 Jesse Grove Apt. 246, South Rachael, LA 14132"
32,Paul,Hoffman,597.030.2126,oconnorerin@fisher.com,"37673 Schultz Garden, Micheleview, DC 88718"
33,Ryan,Cooper,630.121.0118x34880,hunter58@burton-hancock.com,"79909 Sanchez Squares Apt. 257, New Blake, DC 36102"
34,Dawn,Owens,001-288-483-8294,cynthia07@gmail.com,"9499 Amy Falls, Timothymouth, NE 69231"
35,Donna,White,+1-900-805-9901x7551,mark97@klein.biz,"33175 Sabrina Highway Suite 981, Ashleeside, ID 57098"
36,Erica,Meyer,+1-487-777-3908x3649,ewhite@proctor.com,"529 Donna Stravenue Apt. 911, Lake Teresaside, TN 74171"
37,Martin,Gould,+1-764-430-3562,deannajacobs@campbell-wright.org,"62481 Brown Alley Apt. 527, Travistown, ME 92990"
38,John,Pineda,346-036-2886x155,amysmith@yahoo.com,"211 Cassandra Terrace Apt. 064, West Heatherfort, ME 97426"
39,Kayla,Johnson,309-543-5915x5014,deborah15@hotmail.com,"621 Carey Via, Port Christina, NH 08669"
40,Edward,Manning,994.412.3647x927,laurie22@hotmail.com,"Unit 2523 Box 0825, DPO AE 72480"
41,David,Hudson,+1-369-831-0084x55930,amber94@jones.com,"393 Jones Mount, Claytonhaven, ND 44107"
42,Julie,Moore,226.669.2898,cmorgan@yahoo.com,"42868 Peter Junctions, Port Wesley, AK 33248"
43,Tara,Benson,174-653-4083,dean52@grimes-fletcher.com,"5544 James Place, Lake Kellie, AL 78311"
44,Deanna,Nelson,(924)891-2152,hwelch@romero.biz,"291 Devin Orchard Suite 811, Sergiohaven, TN 28011"
45,Renee,Wilson,+1-316-574-2441,rhodesandrew@gmail.com,"433 Catherine Overpass, North Anthony, MN 96251"
46,Patricia,Small,096.086.2602,hendersonjason@perez.com,"13742 Nixon Skyway, Susanborough, PA 90519"
47,Shannon,Drake,892.261.7632,jenniferhowe@salazar.com,"3178 Samantha Trace, Hillberg, MI 53882"
48,Victoria,Diaz,4955776125,dbarber@sampson.info,"414 Ronald Forges, Russellmouth, MI 29955"
49,Heather,Jensen,480.608.8223,bergchad@welch.com,"Unit 0105 Box 3250, DPO AP 63354"
50,Karen,Mann,949.800.8195x0864,eric91@ryan.com,"202 Lewis Drives Suite 596, East Kyletown, CT 33870"
51,Samuel,Harris,543-865-6717x05557,pjones@allison.com,"42279 Hayes Prairie, Melindachester, SD 81616"
52,Julia,Reeves,+1-912-162-2269,ashleyjones@chapman-gonzalez.com,"287 Thompson Course Suite 262, South Peter, MA 96007"
53,David,Harrison,101-760-7841x412,masonlaura@lewis.com,"0842 Gonzalez Creek, North Kathryn, WI 41946"
54,Derrick,Weber,341.070.0780x479,lawrenceandrew@brennan-harrell.com,"0038 Wise Ramp Apt. 061, Yangview, DE 75625"
55,Kimberly,Holland,001-234-514-9760x18383,fischermorgan@gmail.com,"39222 Carter Haven, South Matthew, SC 12782"
56,Sandra,Reynolds,(805)890-1897x546,jensenraven@yahoo.com,"7282 Stephens Drive Apt. 747, Elizabethmouth, DE 02052"
57,Eric,Cunningham,311-908-8344,dominguezzachary@gmail.com,"3360 Elizabeth Gateway Apt. 153, Robertburgh, MO 12618"
58,Katherine,Black,935-461-5065x3440,cindy27@tanner.net,"88343 Kyle Path Apt. 947, Hinesport, AR 17507"
59,Joseph,Tyler,001-628-835-0815,vanessabryant@butler.com,"4283 Brandon Divide Apt. 546, Lake Robertmouth, WI 37728"
60,Cristian,Webb,+1-301-441-4078x96411,crystalcruz@mckinney.com,"9286 Brandi Station Apt. 214, East Timothy, IN 89692"
61,Dennis,Harris,001-819-583-8041x261,zmitchell@jordan.com,"USCGC Wallace, FPO AP 09706"
62,Shawn,Bailey,001-546-471-4155x07596,gloverholly@ramirez.com,"Unit 2246 Box 1649, DPO AP 47946"
63,Erika,Guerrero,366-120-9424x819,joshuawilliams@hotmail.com,"1624 Peterson Land Apt. 036, Lake Shawnmouth, IA 15377"
64,Andrea,Miller,+1-541-924-3385,qroach@gmail.com,"9593 Clark Port, New Samuelhaven, WV 99775"
65,Stacie,Valencia,482-502-7089x936,lisastewart@yahoo.com,"02171 Alexander Park, Lake Daniel, DC 87101"
66,Rachel,Johnson,(021)990-1057,ekeller@bennett.org,"297 Boyd Wall Suite 526, Arnoldburgh, TN 53093"
67,Tiffany,Coleman,(215)568-8023,michelle50@gmail.com,"2236 Amy Ports, Jacobsshire, NH 74960"
68,Catherine,Watts,(889)642-7580,martincarpenter@baker.com,"66564 Nunez Corner, Milesside, ME 42395"
69,Jeffery,Adams,001-569-969-4652x4701,brooksjason@hotmail.com,"5070 Kevin Cliff Suite 845, South Vickishire, CT 91542"
70,Katelyn,Romero,001-876-354-4067x91914,ryoder@gmail.com,"934 Richardson Divide Suite 478, Lake Christian, MN 03476"
71,Christopher,Cruz,+1-895-790-5244x361,qmccullough@yahoo.com,"4764 Sherri Meadow, Torresside, NC 23824"
72,Jane,Vance,(835)616-0646x439,larry93@ellis.org,"55717 Reyes Union Suite 570, Keithland, WA 74840"
73,Hailey,Smith,(425)839-1303x7124,lmclaughlin@parks.com,"462 Erin Point Suite 575, Amandaberg, WY 33146"
74,Charles,Vega,1658788194,bphillips@yahoo.com,"675 Morgan Square, East Christopherton, DE 00916"
75,James,Williams,803.002.6691x312,shawncook@kennedy-palmer.com,"114 Daniel Cove Apt. 735, Georgebury, MA 49724"
76,Cathy,Walton,(092)407-0792x97547,patrickalexander@gmail.com,"74078 Amanda Pass Apt. 394, Port Stephen, GA 31622"
77,Natalie,Morales,336.690.2403x6639,dallen@gmail.com,"0589 Travis Forge Suite 168, Laurafurt, RI 45856"
78,Christina,Beck,(568)293-1836x3587,angela59@cook-zuniga.org,"Unit 2903 Box 5289, DPO AE 70238"
79,Jessica,Collins,1430288030,nwilson@hotmail.com,"3225 Kristin Extension Suite 808, Nataliefort, SD 50690"
80,Stephen,Mckinney,001-505-900-5796x679,alexandrapatterson@ray.biz,"142 Scott Ferry Suite 188, Walterview, OR 01449"
81,Robert,Finley,001-886-790-9972x342,njones@jones.com,"610 Cathy Point Suite 008, Moorebury, VA 63902"
82,Larry,Hanson,(416)188-3796x29545,timothy25@gmail.com,"14283 Kimberly Wells, North Anthonymouth, RI 66032"
83,Ariel,Terry,711.126.7762x2330,taylordavid@yahoo.com,"449 Amanda Lights Suite 077, Paulafort, ND 65396"
84,Christopher,Brock,(846)969-7533,robertmack@hotmail.com,"157 Brown Avenue Suite 654, South Stevenport, MS 25792"
85,Robert,Hunter,(993)326-6484,fletcherconnor@yahoo.com,"9538 Williams Extension, Robinsonfurt, DC 90012"
86,Tracey,French,949-598-9608x861,carljackson@delgado-moreno.com,"687 Mark Fords Suite 899, Port Kellyshire, NY 33272"
87,James,Morris,+1-218-112-2541x9855,vgreene@yahoo.com,"9251 Brianna Wall, East Edward, KY 78650"
88,Patrick,Ramsey,174.445.0681,dillon98@yahoo.com,"USS Garcia, FPO AP 19827"
89,Lisa,Fox,545-078-1517x290,daniel99@morris-white.com,"57531 Hall Valley Apt. 258, Wrightstad, MS 24772"
90,Andrea,Brown,(085)844-9771,garrettcaleb@franklin.com,"92514 Castillo Place, Ebonybury, MS 66659"
91,Michael,Rodriguez,001-197-438-5983x39390,yjohnson@gmail.com,"4386 Mark Trace Suite 828, East Sierraborough, DE 56409"
92,James,Hunt,697-297-6082x090,jeffrey69@gmail.com,"35667 Austin Drive Apt. 701, Matthewhaven, RI 54591"
93,Craig,Smith,001-390-081-9593x845,oduncan@burton.com,"24227 Kevin Wall Suite 444, Port Jasonhaven, NM 41597"
94,David,Miller,001-187-551-9115,mcclainjennifer@gmail.com,"05436 Maldonado Views Suite 536, Zacharyfurt, RI 04286"
95,Thomas,Robinson,469-588-6231x52342,lmitchell@lewis.biz,"387 Simmons Highway, North Kristina, NJ 19278"
96,Elizabeth,Thompson,+1-678-719-4509x9213,anitahuang@hotmail.com,"04749 Michael Light Apt. 975, North Nataliehaven, AZ 30744"
97,Jacqueline,Pugh,001-714-084-3990,rgarcia@hotmail.com,"558 David Islands, East Veronicaton, TX 99917"
98,Bernard,Johnson,(881)089-2251x0824,danielle26@yahoo.com,"0910 Gwendolyn Island Suite 388, West Justinville, RI 63291"
99,Joshua,Casey,001-156-673-4495x4151,jimmywalls@yahoo.com,"94390 Anderson Summit, Port Lisabury, SD 90808"
100,Brian,Jones,413-254-1702x5098,tkelly@yahoo.com,"007 Cheryl Mills, New Melissaborough, OH 70557"
